Sample Size,Insert Time (s),Search Time (s)
500,0.0030413998756557703,0.0010146000422537327
1000,0.0036228999961167574,0.0020518999081104994
1500,0.00536489998921752,0.0032291999086737633
2000,0.045277100056409836,0.004096500109881163
2500,0.008746500127017498,0.005953399930149317
3000,0.010639600222930312,0.0062022998463362455
4000,0.01412989990785718,0.009338899981230497
5000,0.01910410006530583,0.012993799988180399
