Sample Size,Insert Time (s),Search Time (s)
5000,0.05990079999992304,0.032551600000260805
10000,0.17146239999965474,0.058624999999665306
15000,0.13062780000018392,0.08917420000034326
20000,0.24599709999984043,0.11485859999993409
25000,0.2788447000002634,0.13311769999927492
30000,0.3000710000005711,0.16739340000003722
40000,0.3736432000005152,0.2331727000000683
50000,0.5395947999995769,0.29605069999979605
