Sample Size,Insert Time (s),Search Time (s)
5000,0.02201039999999921,0.012281799999982468
10000,0.0781087999985175,0.02694070000143256
15000,0.10566839999955846,0.047715900000184774
20000,0.08982839999953285,0.055714500000249245
25000,0.14017369999965013,0.06432959999983723
30000,0.15683920000083162,0.07915870000033465
40000,0.23151019999932032,0.1491267000001244
50000,0.3142578000006324,0.1772411000001739
