Sample Size,Insert Time (s),Search Time (s)
500,0.005621402058750391,0.0022655148059129715
1000,0.008898758795112371,0.00474880775436759
1500,0.013223920948803425,0.00673408480361104
2000,0.0172165147960186,0.009817485231906176
2500,0.021710073575377464,0.01261112466454506
3000,0.04963401239365339,0.01551251020282507
4000,0.035058094654232264,0.019795964006334543
5000,0.0672722589224577,0.024717621970921755
