Sample Size,Insert Time (s),Search Time (s)
5000,0.06167535111308098,0.03770420886576176
10000,0.16451465152204037,0.0832062903791666
15000,0.23327134363353252,0.13014356791973114
20000,0.3628451954573393,0.17762815952301025
25000,0.3713006507605314,0.22705069929361343
30000,0.4866690021008253,0.2797049209475517
40000,0.709132082760334,0.36973388493061066
50000,0.7329721320420504,0.4350935909897089
