Sample Size,Insert Time (s),Search Time (s)
5000,0.049000933300703764,0.02686514286324382
10000,0.116832310333848,0.05441167065873742
15000,0.1753794369287789,0.08343363599851727
20000,0.2351362002082169,0.1171878008171916
25000,0.2544551147148013,0.1454733000136912
30000,0.3074030359275639,0.17402510019019246
40000,0.4391806102357805,0.24116423912346363
50000,0.5404032748192549,0.30273551773279905
