Sample Size,Insert Time (s),Search Time (s)
5000,0.05896127410233021,0.036488158628344536
10000,0.15802296064794064,0.07730238512158394
15000,0.2278599739074707,0.12410255707800388
20000,0.34771221317350864,0.1710304245352745
25000,0.3589814603328705,0.21937080100178719
30000,0.5553912967443466,0.24859236367046833
40000,0.6361324936151505,0.3662829678505659
50000,0.8561640586704016,0.4708509277552366
