Sample Size,Insert Time (s),Search Time (s)
500,0.009481025859713554,0.002387821674346924
1000,0.00912882573902607,0.005084607750177383
1500,0.014200393110513687,0.008236676454544067
2000,0.019568905234336853,0.01341230794787407
2500,0.02500392682850361,0.015171140432357788
3000,0.06615509279072285,0.01816273294389248
4000,0.04164959117770195,0.026148252189159393
5000,0.1017974428832531,0.035744182765483856
