Sample Size,Insert Time (s),Search Time (s)
500,0.005819337442517281,0.002116426359862089
1000,0.008601468056440353,0.004907324910163879
1500,0.013791571371257305,0.007756854873150587
2000,0.018530595116317272,0.010634072124958038
2500,0.023522789124399424,0.013605248183012009
3000,0.05500723421573639,0.01628639968112111
4000,0.03735204506665468,0.02218891680240631
5000,0.07351268827915192,0.029846079647541046
