Sample Size,Insert Time (s),Search Time (s)
500,0.005281249061226845,0.002289704978466034
1000,0.008625859394669533,0.004802605137228966
1500,0.012837463989853859,0.007387332618236542
2000,0.017542000859975815,0.0098385289311409
2500,0.02198631688952446,0.012698335573077202
3000,0.043775975704193115,0.015504991635680199
4000,0.03553432784974575,0.020733578130602837
5000,0.061874618753790855,0.026042986661195755
