Sample Size,Insert Time (s),Search Time (s)
500,0.02711020000060671,0.004334200002631405
1000,0.022023500001523644,0.00723669999933918
1500,0.020167799997580005,0.010038899999926798
2000,0.023346900001342874,0.014230000000679865
2500,0.11439080000127433,0.017719599996780744
3000,0.04544990000067628,0.020424799997272203
4000,0.049685200003295904,0.028301700000156416
5000,0.05855650000012247,0.04036099999939324
